	<app>
		<id>com.bart.tmf</id>
		<name>TMF</name>
		<version>0.2</version>
		<description>Bijk muziek clips via TMF</description>
		<thumb>http://www.bartsidee.nl/boxee/apps/tmf/thumb.png</thumb>
		<repositoryid>com.bart</repositoryid>
		<repository>http://www.bartsidee.nl/boxee</repository>
		<media>video</media>
		<copyright>bartsidee</copyright>
		<email>bartsidee@gmail.com</email>
		<type>skin</type>
		<startWindow>14000</startWindow>
		<platform>all</platform>
		<minversion>0.9.14</minversion>
	</app>