<app>
	<id>com.bart.gamejournaal</id>
	<name>Gamejournaal</name>
	<version>0.1</version>
	<description>Bekijk afleveringen van het Gamejournaal</description>
	<thumb>http://www.bartsidee.nl/boxee/apps/gamejournaal/thumb.png</thumb>
	<repositoryid>com.bart</repositoryid>
	<repository>http://www.bartsidee.nl/boxee</repository>
	<media>video</media>
	<copyright>bartsidee</copyright>
	<email>bartsidee@gmail.com</email>
	<type>skin</type>
	<startWindow>14000</startWindow>
	<platform>all</platform>
	<minversion>0.9.14</minversion>
</app>
