<?xml version="1.0"?>
   <window type="window" id="14000">
   <defaultcontrol always="true">51</defaultcontrol>
   <allowoverlay>no</allowoverlay>
   <onload lang="python"><![CDATA[
import mc

BASE_URL                   = 'http://livestreams.omroep.nl'

# Stolen from plex.
CHANNELS = [
  ["101 TV", "101tv.png", "%s/npo/101tv-%s", "Weg met suffe en saaie tv! Het is tijd voor 101 TV, het 24-uurs jongerenkanaal van BNN en de Publieke Omroep. Met rauwe en brutale programma's, van en voor jongeren. Boordevol hilarische fragmenten, spannende livegames, bizarre experimenten en nieuws over festivals en gratis concertkaartjes. Kijken dus!"],
  ["Best 24", "best24.png", "%s/npo/best24-%s", "Best 24 brengt hoogtepunten uit zestig jaar televisiehistorie. Het is een feelgoodkanaal met 24 uur per dag de leukste, grappigste en meest spraakmakende programma's uit de Hilversumse schatkamer. Best 24: de schatkamer van de publieke omroep."],
  ["Consumenten 24", "consumenten24.png", "%s/npo/consumenten24-%s", "Op Consumenten 24 ziet u dagelijks het laatste consumentennieuws en kunt u de hele week kijken naar herhalingen van Radar, Kassa, en vele andere consumentenprogramma's. In Vraag en Beantwoord kunt u live uw vraag stellen per telefoon en webcam."],
  ["Cultura 24", "cultura24.png", "%s/npo/cultura24-%s", "Dit is het 'cultuurkanaal van de Publieke Omroep' met de beste recente en oudere 'kunst en expressie' over verschillende onderwerpen. Klassieke muziek, dans, literatuur, theater, beeldende kunst, film 'Waar cultuur is, is Cultura 24'."],
  ["Familie 24 / Z@ppelin", "familie24.png", "%s/npo/familie24-%s", "Z@ppelin24 zendt dagelijks uit van half drie 's nachts tot half negen 's avonds. Familie24 is er op de tussenliggende tijd. Z@ppelin 24 biedt ruimte aan (oude) bekende peuterprogramma's en je kunt er kijken naar nieuwe kleuterseries. Op Familie24 zijn bekende programma's te zien en nieuwe programma's en documentaires die speciaal voor Familie24 zijn gemaakt of aangekocht."],
  ["Geschiedenis 24", "geschiedenis24.png", "%s/npo/geschiedenis24-%s", "Geschiedenis 24 biedt een actuele, duidende en verdiepende blik op de historie, maar ook een historische blik op de actualiteit. Om de urgentie te vergroten is de programmering thematisch. Ook programma's van Nederland 2 als In Europa, Andere Tijden Sport en De Oorlog zijn gelieerd aan Geschiedenis 24."],
  ["Holland Doc 24", "hollanddoc24.png", "%s/npo/hollanddoc24-%s", "Holland Doc 24 brengt op verschillende manieren en niveaus documentaires en reportages onder de aandacht. De programmering op Holland Doc 24 is gecentreerd rond wekelijkse thema's, die gerelateerd zijn aan de actualiteit, de programmering van documentairerubrieken, van culturele instellingen en festivals."],
  ["Humor TV 24", "humortv24.png", "%s/npo/humortv24-%s", "Humor TV 24 is een uitgesproken comedykanaal: een frisse, Nederlandse humorzender met hoogwaardige, grappige, scherpe, jonge, nieuwe, satirische, humoristische programma's."],
  ["Journaal 24", "journaal24.png", "%s/nos/journaal24-%s", "Via het themakanaal 'Journaal 24' kunnen de live televisieuitzendingen van het NOS Journaal worden gevolgd. De laatste Journaaluitzending wordt herhaald tot de volgende uitzending van het NOS Journaal."],
  ["Politiek 24", "politiek24.png", "%s/nos/politiek24-%s", "Politiek 24 is het digitale kanaal over de Nederlandse politiek in de breedste zin van het woord."],
  ["Spirit 24", "spirit24.png", "%s/npo/spirit24-%s", "Spirit 24 is interreligieus en multicultureel en biedt de kijker een breed aanbod van onderwerpen op het gebied van spiritualiteit, levensbeschouwing, zingeving, cultuur en filosofie, gezien vanuit verschillende geloofsrichtingen en invalshoeken. Spirit 24 laat de kijker genieten en brengt op toegankelijke wijze (nieuwe) inzichten!"],
  ["Sterren 24", "sterren24.png", "%s/npo/sterren24-%s", "Op Sterren 24 zijn de beste Nederlandse artiesten te bewonderen en te beluisteren. Naast clips en uitzendingen uit het rijke TROS-archief is er ruimte voor nieuw materiaal en bieden ze aanstormend Nederlands muziektalent een podium op 24-uurs muziekzender Sterren 24."]
]

# fill the list with channels
list            = mc.GetWindow(14000).GetList(51)
list_items      = mc.ListItems()
for item in CHANNELS:
	list_item       = mc.ListItem(mc.ListItem.MEDIA_VIDEO_CLIP)
	list_item.SetLabel(str(item[0]))
	list_item.SetDescription(str(item[3]))
	list_item.SetPath(item[2] % (BASE_URL, "bb"))
	list_item.SetThumbnail("http://www.bartsidee.nl/boxee/apps/ned24/thumbs/"+item[1])
	list_items.append(list_item)
	list.SetItems(list_items)

]]></onload>
   <controls>
   	<include>Common_Background</include>
       <control type="image">
             <posx>0</posx>
             <posy>0</posy>
             <width>1280</width>
             <height>720</height>
             <texture>background.png</texture>
        </control>
	<control type="label" id="30">
        <posx>570</posx>
        <posy>66</posy>
        <width>800</width>
        <height>56</height>
        <align>left</align>
    	<aligny>center</aligny>
    	<font>title28b</font>
    	<textcolor>white</textcolor>
    	<label>$INFO[Container(50).ListItem.Label]</label>
	</control>
   <control type="group" id="1200">
        <animation type="Conditional" condition="Window.IsVisible(DialogProgress.xml)">
	        <effect type="fade" start="100" end="20" time="200"/>
        </animation>
		<control type="list" id="50">
			<enable>false</enable>
			<visible>false</visible>
		</control>
		<control type="list" id="51">
			<include>BrowseListAnimation</include>
			<preloaditems>2</preloaditems>
			<posx>800</posx>
			<posy>140</posy>
			<width>400</width>
			<height>528</height>
			<onleft>8000</onleft>
			<onright>7000</onright>
			<onup>6000</onup>
			<ondown>1000</ondown>
			<scrolltime>200</scrolltime>
			<pagecontrol>60</pagecontrol>
			<orientation>vertical</orientation>
			<focusposition>6</focusposition>
			<offsety>4</offsety>
			<itemlayout height="40">
				<control type="label">
					<posx>36</posx>
					<posy>0</posy>
					<width>620</width>
					<height>40</height>
					<font>font22</font>
					<align>left</align>
					<aligny>center</aligny>
					<info>ListItem.Label</info>
					<textcolor>grey</textcolor>
					<selectedcolor>grey</selectedcolor>
				</control>
			</itemlayout>
			<focusedlayout height="40">
				<control type="image">
					<visible>Control.HasFocus(51)</visible>
					<posx>0</posx>
					<posy>-19</posy>
					<width>400</width>
					<height>78</height>
					<texture border="39">line_view_on.png</texture>
				</control>
					<control type="label">
						<posx>36</posx>
						<posy>0</posy>
						<width>620</width>
						<height>40</height>
						<font>font22b</font>
						<align>left</align>
						<aligny>center</aligny>
						<info>ListItem.Label</info>
						<textcolor>white</textcolor>
						<selectedcolor>white</selectedcolor>
					</control>
			</focusedlayout>
			<content type="url" url="">
			<onclick lang="python"><![CDATA[
import mc, re
list = mc.GetWindow(14000).GetList(51)
listitems = list.GetItems()
listitem = listitems[list.GetFocusedItem()]
data = mc.Http().Get(listitem.GetPath())
url = re.compile('<Ref HREF="(.*?)" />', re.DOTALL + re.IGNORECASE).search(data).group(1)
player = mc.GetPlayer()
list_item       = mc.ListItem(mc.ListItem.MEDIA_VIDEO_CLIP)
list_item.SetPath(url)
list_item.SetReportToServer(False)
list_item.SetAddToHistory(False)
list_item.SetLabel(str(listitem.GetLabel()))
player.Play(list_item)
]]></onclick>
			</content>
		</control>

      <control type="image">
          <posx>40</posx>
          <posy>100</posy>
          <width>270</width>
          <height>250</height>
          <aspectratio aligny="bottom">keep</aspectratio>
          <info>Container(51).ListItem.Thumb</info>

        </control>
        <control type="image">
         <posx>40</posx>
          <posy>351</posy>
          <width>270</width>
          <height>250</height>
          <info>Container(51).ListItem.Thumb</info>
          <texture flipy="true" diffuse="DiffuseMirror.png" />
          <aspectratio aligny="top">keep</aspectratio>
        </control>

           <control type="label">
              <visible>true</visible>
              <posx>340</posx>
              <posy>190</posy>
              <width>360</width>
              <height>500</height>
              <font>font20</font>
              <align>left</align>
              <aligny>top</aligny>
              <label>$INFO[Container(51).ListItem.property(description)]</label>
              <background>grey</background>
              <textcolor>white</textcolor>
              <wrapmultiline>true</wrapmultiline>
           </control>


      </control>
   </controls>
</window>
