	<app>
		<id>com.bart.tv</id>
		<name>Bartsidee TV</name>
		<version>0.85</version>
		<description>Modular framework to watch tv episodes and more!</description>
		<thumb>http://www.bartsidee.nl/boxee/apps/tv/thumb.png</thumb>
		<repositoryid>com.bart</repositoryid>
		<repository>http://www.bartsidee.nl/boxee</repository>
		<media>video</media>
		<copyright>bartsidee</copyright>
		<email>bartsidee@gmail.com</email>
		<type>skin</type>
		<startWindow>14444</startWindow>
		<platform>all</platform>
		<minversion>0.9.14</minversion>
	</app>