	<app>
		<id>com.bart.uzg2</id>
		<name>Uitzending Gemist: Beta</name>
		<version>0.5</version>
		<description>Bekijk de laatste uitzending via van uitzending gemist beta!</description>
		<thumb>http://www.bartsidee.nl/boxee/apps/uzg2/thumb.png</thumb>
		<repositoryid>com.bart</repositoryid>
		<repository>http://www.bartsidee.nl/boxee</repository>
		<media>video</media>
		<copyright>bartsidee</copyright>
		<email>bartsidee@gmail.com</email>
		<type>skin</type>
		<startWindow>14444</startWindow>
		<platform>all</platform>
		<minversion>0.9.14</minversion>
	</app>