<?xml version="1.0"?>
<window type="window" id="14444">
	<defaultcontrol always="true">51</defaultcontrol>
	<allowoverlay>no</allowoverlay>
	<onload lang="python">
<![CDATA[
import mc
from libs import app

window = mc.GetWindow(14444)

obj = app.Sabnzbd()
obj.GetQuery()

st = app._Refresh()
st.start()
]]>
	</onload> 
	<controls>
		<include>Common_Background</include>
		<include>Common_Status</include>
		<control type="image">
			<posx>0</posx>
			<posy>0</posy>
			<width>1280</width>
			<height>720</height>
			<texture>background-sabnzbd.png</texture>
		</control>
		<control type="button" id="10101">
			<posx>79</posx>
			<posy>38</posy>
			<width>251</width>
			<height>90</height>
			<label></label>
			<texturenofocus>transparant.png</texturenofocus>
			<texturefocus>focusbtn.png</texturefocus>
			<onclick lang="python">
<![CDATA[
mc.ActivateWindow(14444)
]]>
			</onclick>
			<onright>10102</onright>
			<onleft>-</onleft>
			<ondown>10103</ondown>
		</control>

		<control type="button" id="10102">
			<posx>306</posx>
			<posy>38</posy>
			<width>251</width>
			<height>90</height>
			<label></label>
			<texturenofocus>transparant.png</texturenofocus>
			<texturefocus>focusbtn.png</texturefocus>
			<onclick lang="python">
<![CDATA[
mc.ActivateWindow(14445)
]]>
			</onclick>
			<onright>-</onright>
			<onleft>10101</onleft>
			<ondown>10103</ondown>
		</control>
        <control type="button" id="10103">
			<posx>1050</posx>
			<posy>160</posy>
			<width>75</width>
			<height>75</height>
            <aspectratio>keep</aspectratio>
			<texturefocus>settings-off.png</texturefocus>
			<texturenofocus>settings-on.png</texturenofocus>
            <onup>10101</onup>
			<onleft>10198</onleft>
            <ondown>51</ondown>
			<onclick lang="python">
<![CDATA[
mc.ActivateWindow(16000)
]]>
            </onclick>
		</control>
		<control type="togglebutton" id="10198">
			<posx>930</posx>
			<posy>170</posy>
			<width>60</width>
			<height>60</height>
            <textoffsety>85</textoffsety>
            <texturefocus>icon_osd_pause_over.png</texturefocus>
            <texturenofocus>icon_osd_pause.png</texturenofocus>
            <alttexturefocus>icon_osd_play_over.png</alttexturefocus>
            <alttexturenofocus>icon_osd_play.png</alttexturenofocus>
            <onclick lang="python">
<![CDATA[
mc.ActivateWindow(16001)
]]>
            </onclick>
            <altclick lang="python">
<![CDATA[
obj.ResumeQueue()
]]>
            </altclick>
			<onup>10101</onup>
			<onright>10103</onright>
			<onleft>-</onleft>
			<ondown>51</ondown>
		</control>
        <control type="label">
			<visible>stringcompare(Container(51).ListItem.property(custom:paused),True)</visible>
			<posx>160</posx>
			<posy>180</posy>
			<width>750</width>
			<height>26</height>
			<font>font30b</font>
			<align>left</align>
			<aligny>center</aligny>
			<label>Paused for: $INFO[Container(51).ListItem.property(custom:pause_int)]</label>
			<textcolor>fff7d64e</textcolor>
		</control>		
        <control type="label">
			<visible>!stringcompare(Container(51).ListItem.property(custom:paused),True)</visible>
			<posx>160</posx>
			<posy>180</posy>
			<width>750</width>
			<height>26</height>
			<font>font30b</font>
			<align>left</align>
			<aligny>center</aligny>
			<label>Speed: $INFO[Container(51).ListItem.property(custom:speed)]</label>
			<textcolor>fff7d64e</textcolor>
		</control>
        <control type="label">
			<visible>!stringcompare(Container(51).ListItem.property(custom:paused),True)</visible>
			<posx>550</posx>
			<posy>180</posy>
			<width>750</width>
			<height>26</height>
			<font>font30b</font>
			<align>left</align>
			<aligny>center</aligny>
			<label>Time left: $INFO[Container(51).ListItem.property(custom:timeleft)]</label>
			<textcolor>fff7d64e</textcolor>
		</control>

		<control type="group" id="1200">
			<animation type="Conditional" condition="Window.IsVisible(DialogProgress.xml)">
				<effect type="fade" start="100" end="20" time="200"/>
			</animation>

			<control type="panel" id="51">
				<include>BrowseListAnimation</include>
				<preloaditems>2</preloaditems>
				<posx>120</posx>
				<posy>255</posy>
				<width>1150</width>
				<height>400</height>
				<onleft>10103</onleft>
				<onright>10103</onright>
				<onup>10103</onup>
				<ondown>10103</ondown>
				<scrolltime>400</scrolltime>
				<pagecontrol>60</pagecontrol>
				<orientation>vertical</orientation>
				<offsetx>4</offsetx>
				<offsety>4</offsety>

				<itemlayout width="1030" height="60">
                                        <control type="image">
                                            <posx>5</posx>
                                            <posy>10</posy>
                                            <width>200</width>
                                            <height>50</height>
                                            <texture diffuse="mask.png">white.png</texture>
                                            <aspectratio>stretch</aspectratio>
                                        </control>
                                        <control type="image">
                                            <posx>5</posx>
                                            <posy>10</posy>
                                            <width>200</width>
                                            <height>50</height>
                                            <texture diffuse="mask.png">$INFO[ListItem.property(custom:status)]</texture>
                                            <aspectratio>stretch</aspectratio>
                                        </control>
                                        <control type="label">
						<posx>20</posx>
						<posy>20</posy>
						<width>100</width>
						<height>26</height>
						<font>font15b</font>
						<align>left</align>
						<aligny>center</aligny>
						<label>$INFO[ListItem.property(custom:percentage)]</label>
						<textcolor>darkgrey</textcolor>
					</control>
					<control type="label">
						<posx>220</posx>
						<posy>5</posy>
						<width>500</width>
						<height>26</height>
						<font>font22b</font>
						<align>left</align>
						<aligny>center</aligny>
						<label>$INFO[ListItem.Label]</label>
						<textcolor>black</textcolor>
					</control>
                                        <control type="label">
						<posx>220</posx>
						<posy>33</posy>
						<width>500</width>
						<height>20</height>
						<font>font15b</font>
						<align>left</align>
						<aligny>center</aligny>
						<label>$INFO[ListItem.property(custom:info)]</label>
						<textcolor>darkgrey</textcolor>
					</control>
                                        <control type="label">
						<posx>880</posx>
						<posy>5</posy>
						<width>150</width>
						<height>26</height>
						<font>font20</font>
						<align>left</align>
						<aligny>center</aligny>
						<label>$INFO[ListItem.property(custom:queued)]</label>
						<textcolor>black</textcolor>
					</control>
				</itemlayout>

				<focusedlayout width="1030" height="60">
                                        <control type="image">
                                            <posx>0</posx>
                                            <posy>5</posy>
                                            <width>1030</width>
                                            <height>60</height>
                                            <texture>focusrow.png</texture>
                                            <aspectratio>stretch</aspectratio>
                                        </control>
                                     <control type="image">
                                            <posx>5</posx>
                                            <posy>10</posy>
                                            <width>200</width>
                                            <height>50</height>
                                            <texture diffuse="mask.png">white.png</texture>
                                            <aspectratio>stretch</aspectratio>
                                        </control>
                                        <control type="image">
                                            <posx>5</posx>
                                            <posy>10</posy>
                                            <width>200</width>
                                            <height>50</height>
                                            <texture diffuse="mask.png">$INFO[ListItem.property(custom:status)]</texture>
                                            <aspectratio>stretch</aspectratio>
                                        </control>
                                        <control type="label">
						<posx>20</posx>
						<posy>20</posy>
						<width>100</width>
						<height>26</height>
						<font>font15b</font>
						<align>left</align>
						<aligny>center</aligny>
						<label>$INFO[ListItem.property(custom:percentage)]</label>
						<textcolor>darkgrey</textcolor>
					</control>
					<control type="label">
						<posx>220</posx>
						<posy>5</posy>
						<width>500</width>
						<height>26</height>
						<font>font22b</font>
						<align>left</align>
						<aligny>center</aligny>
						<label>$INFO[ListItem.Label]</label>
						<textcolor>black</textcolor>
					</control>
                                        <control type="label">
						<posx>220</posx>
						<posy>33</posy>
						<width>500</width>
						<height>20</height>
						<font>font15b</font>
						<align>left</align>
						<aligny>center</aligny>
						<label>$INFO[ListItem.property(custom:info)]</label>
						<textcolor>darkgrey</textcolor>
					</control>
                                        <control type="label">
						<posx>880</posx>
						<posy>5</posy>
						<width>150</width>
						<height>26</height>
						<font>font20</font>
						<align>left</align>
						<aligny>center</aligny>
						<label>$INFO[ListItem.property(custom:queued)]</label>
						<textcolor>black</textcolor>
					</control>
				</focusedlayout>

				<content type="url" url="">
					<onclick lang="python">
<![CDATA[
list = window.GetList(51)
listitems = list.GetItems()
listitem = listitems[list.GetFocusedItem()]
deleteid = listitem.GetPath()
labelid = listitem.GetLabel()
response = mc.ShowDialogConfirm("Sabnzbd", "Are you sure you want to cancel: \n \n" + labelid + "", "No", "Yes")
if response:
    obj.Delete(deleteid)
]]>
					</onclick>
				</content>
			</control>
                </control>
	</controls>
</window>
