	<app>
		<id>com.bart.radio</id>
		<name>Online Radio</name>
		<version>0.3</version>
		<description>Lister naar Online radio en Podcasts</description>
		<thumb>http://www.bartsidee.nl/boxee/apps/radio/thumb.png</thumb>
		<repositoryid>com.bart</repositoryid>
		<repository>http://www.bartsidee.nl/boxee</repository>
		<media>music</media>
		<copyright>bartsidee</copyright>
		<email>bartsidee@gmail.com</email>
		<type>skin</type>
		<startWindow>14000</startWindow>
		<platform>all</platform>
		<minversion>0.9.14</minversion>
	</app>