<!-- Bartsidee Repo - TV Skin App revision: 100 -->
<?xml version="1.0"?>
<window type="window" id="14445">
	<defaultcontrol always="true">54</defaultcontrol>
	<allowoverlay>no</allowoverlay>
	<onload lang="python">
<![CDATA[
import mc
from libs import main
window = mc.GetWindow(14445)
config = mc.GetApp().GetLocalConfig()
filter = ''
genre = ''

main_obj = main.main_obj()
main_obj.Search_DB_Update(86400)
if window.GetControl(1200).IsVisible():
	window.GetControl(1200).SetVisible(True)
	window.GetControl(1300).SetVisible(False)
	window.GetControl(1400).SetVisible(False)
]]>
	</onload> 
	<controls>
		<!-- Background -->
		<control type="image">
            <posx>0</posx>
            <posy>0</posy>
            <width>1280</width>
            <height>720</height>
            <texture>wallpaper2.jpg</texture>
        </control>
		<control type="image">
            <posx>0</posx>
            <posy>0</posy>
            <width>1280</width>
            <height>720</height>
            <texture>background.png</texture>
			
        </control>
		

		
		<!-- Top Select -->
		<control type="group" id="1100">
				<control type="image">
					<posx>230</posx>
					<posy>30</posy>
					<width>800</width>
					<height>80</height>
					<texture>white_gradient2.png</texture>
					<aspctratio>stretch</aspctratio>
				</control>
				<control type="image">
					<posx>597</posx>
					<posy>42</posy>
					<width>65</width>
					<height>65</height>
					<texture diffuse="diffuse.png">$INFO[Container(54).Listitem.Thumb]</texture>
				</control>
				<control type="label">
					<posx>230</posx>
					<posy>10</posy>
					<width>800</width>
					<height>20</height>
					<label>$INFO[Container(54).Listitem.property(custom:name)]</label>
					<align>center</align>
					<aligny>center</aligny>
					<font>font16b</font>
					<textcolor>darkgrey</textcolor>
				</control>
				<control type="panel" id="54">
					<include>BrowseListAnimation</include>
					<preloaditems>2</preloaditems>
					<posx>365</posx>
					<posy>35</posy>
					<width>600</width>
					<height>105</height>
					<ondown lang="python">
<![CDATA[
if window.GetControl(1200).IsVisible(): window.GetEdit(1201).SetFocus()
if window.GetControl(1300).IsVisible(): window.GetControl(52).SetFocus()
if window.GetControl(1400).IsVisible(): window.GetControl(55).SetFocus()
]]>
					</ondown>
					<scrolltime>400</scrolltime>
					<pagecontrol>60</pagecontrol>
					<orientation>horizontal</orientation>
					<offsetx>4</offsetx>
					<offsety>4</offsety>
					<itemlayout width="130" height="105">
						<control type="image">
							<posx>20</posx>
							<posy>0</posy>
							<width>90</width>
							<height>90</height>
							<texture>$INFO[ListItem.Label].png</texture>
						</control>
						<control type="label">
							<posx>65</posx>
							<posy>84</posy>
							<width>100</width>
							<height>20</height>
							<font>font14b</font>
							<align>center</align>
							<aligny>center</aligny>
							<label>[UPPERCASE]$INFO[ListItem.Label][/UPPERCASE]</label>
							<textcolor>darkgrey</textcolor>
						</control>
					</itemlayout>
					<focusedlayout width="130" height="105">
						<control type="image">
							<posx>20</posx>
							<posy>0</posy>
							<width>90</width>
							<height>90</height>
							<texture>$INFO[ListItem.Label]_focus.png</texture>
						</control>
						<control type="label">
							<posx>65</posx>
							<posy>84</posy>
							<width>100</width>
							<height>20</height>
							<font>font14b</font>
							<align>center</align>
							<aligny>center</aligny>
							<label>[UPPERCASE]$INFO[ListItem.Label][/UPPERCASE]</label>
							<textcolor>darkgrey</textcolor>
						</control>
					</focusedlayout>
					<content type="url" url="">
						<onclick lang="python">
<![CDATA[
list = window.GetList(54)
listitems = list.GetItems()
listitem = listitems[list.GetFocusedItem()]
action = listitem.GetLabel()
module = listitem.GetProperty('module')
if action == 'home':
	mc.CloseWindow()

if action == 'search':
	window.GetControl(1200).SetVisible(True)
	window.GetControl(1300).SetVisible(False)
	window.GetControl(1400).SetVisible(False)
if action == 'list':
	window.GetControl(1200).SetVisible(False)
	window.GetControl(1300).SetVisible(True)
	window.GetControl(1400).SetVisible(False)
	main_obj.GetList(module)
if action == 'genre':
	window.GetControl(1200).SetVisible(False)
	window.GetControl(1300).SetVisible(False)
	window.GetControl(1400).SetVisible(True)
	main_obj.GetGenre(module)
]]>
						</onclick>
					</content>
				</control>
		</control>
		
		
		<!-- SECTION1: SEARCH -->
		<control type="group" id="1200">
			
			<control type="edit" id="1201">
				<posx>140</posx>
				<posy>130</posy>
				<width>996</width>
				<height>129</height>
				<onup>54</onup>
				<ondown>51</ondown>
				<label>-</label>
				<textoffsetx>98</textoffsetx>
				<align>left</align>
				<aligny>center</aligny>
				<selectedcolor>black</selectedcolor>
				<textcolor>black</textcolor>
				<disabledcolor>darkgrey</disabledcolor>
				<font>font28b</font>
				<texturefocus>searchbar_focus.png</texturefocus>
				<texturenofocus>searchbar.png</texturenofocus>
				<ontextchange lang="python">
<![CDATA[
search = window.GetEdit(1201).GetText()
if len(search) > 0:
	window.GetLabel(1202).SetVisible(False)
else:
	window.GetLabel(1202).SetVisible(True)
	
if len(search) > 1:
	module = window.GetList(54).GetItem(0).GetProperty('module')
	main_obj.Search(str(search), 14445, module)
else:
	list = window.GetList(51)
	list_items = mc.ListItems()
	del list_items[:]
	list.SetItems(list_items)
	
]]>
				</ontextchange>
				<onclick lang="python">
<![CDATA[
search = window.GetEdit(1201).GetText()
if len(search) > 0:
	window.GetLabel(1202).SetVisible(False)
else:
	window.GetLabel(1202).SetVisible(True)
	
if len(search) > 1:
	module = window.GetList(54).GetItem(0).GetProperty('module')
	main_obj.Search(str(search), 14445, module)
else:
	list = window.GetList(51)
	list_items = mc.ListItems()
	del list_items[:]
	list.SetItems(list_items)
]]>
				</onclick>
			</control>
		
			<control type="label" id="1202">
				<animation type="Visible">
					<effect type="fade" time="100"/>
				</animation>
				<posx>220</posx>
				<posy>175</posy>
				<width>300</width>
				<height>41</height>
				<label>Start typing here...</label>
				<align>center</align>
				<aligny>center</aligny>
				<font>font28b</font>
				<textcolor>ff999999</textcolor>
			</control>

			<control type="panel" id="51">
				<include>BrowseListAnimation</include>
				<preloaditems>2</preloaditems>
				<posx>155</posx>
				<posy>250</posy>
				<width>1000</width>
				<height>470</height>
				<onleft>54</onleft>
				<onright>-</onright>
				<onup>1201</onup>
				<ondown>-</ondown>
				<scrolltime>400</scrolltime>
				<pagecontrol>60</pagecontrol>
				<orientation>vertical</orientation>
				<offsetx>4</offsetx>
				<offsety>4</offsety>

				<itemlayout width="1000" height="60">
					<control type="image">
						<posx>20</posx>
						<posy>0</posy>
						<width>50</width>
						<height>50</height>
						<texture>$INFO[ListItem.property(custom:icon)]</texture>
					</control>
                    <control type="label">
						<posx>100</posx>
						<posy>14</posy>
						<width>700</width>
						<height>26</height>
						<font>font22b</font>
						<align>left</align>
						<aligny>center</aligny>
						<label>$INFO[ListItem.Label]</label>
						<textcolor>ffffffff</textcolor>
					</control>
					<control type="label">
						<posx>930</posx>
						<posy>14</posy>
						<width>200</width>
						<height>26</height>
						<font>font22</font>
						<align>right</align>
						<aligny>center</aligny>
						<label>$INFO[ListItem.property(custom:name)]</label>
						<textcolor>ffffffff</textcolor>
					</control>
				</itemlayout>

				<focusedlayout width="1000" height="60">
					<control type="image">
						<visible>Control.HasFocus(51)</visible>
						<posx>0</posx>
						<posy>0</posy>
						<width>950</width>
						<height>50</height>
						<aspectratio>stretch</aspectratio>
						<texture>white_gradient3.png</texture>
					</control>
					<control type="image">
						<visible>!Control.HasFocus(51)</visible>
						<posx>0</posx>
						<posy>0</posy>
						<width>950</width>
						<height>50</height>
						<aspectratio>stretch</aspectratio>
						<texture>grey_gradient3.png</texture>
					</control>
 					<control type="image">
						 <posx>0</posx>
						 <posy>50</posy>
						 <width>950</width>
						 <height>2</height>
						 <aspectratio>stretch</aspectratio>
						 <texture>f1f1f1.png</texture>
					</control>
					<control type="image">
						<posx>20</posx>
						<posy>0</posy>
						<width>50</width>
						<height>50</height>
						<texture>$INFO[ListItem.property(custom:icon)]</texture>
					</control>
                    <control type="label">
						<posx>100</posx>
						<posy>14</posy>
						<width>700</width>
						<height>26</height>
						<font>font22b</font>
						<align>left</align>
						<aligny>center</aligny>
						<label>$INFO[ListItem.Label]</label>
						<textcolor>ff000000</textcolor>
					</control>
					<control type="label">
						<posx>930</posx>
						<posy>14</posy>
						<width>200</width>
						<height>26</height>
						<font>font22</font>
						<align>right</align>
						<aligny>center</aligny>
						<label>$INFO[ListItem.property(custom:name)]</label>
						<textcolor>ff000000</textcolor>
					</control>
				</focusedlayout>
				<content type="url" url="">
					<onclick lang="python">
<![CDATA[
list = window.GetList(51)
listitems = list.GetItems()
listitem = listitems[list.GetFocusedItem()]
stream_name = listitem.GetLabel()
stream_id = listitem.GetProperty('stream_id')
module = listitem.GetProperty('module')

episode = main_obj.module_obj[module].episode
if listitem.GetProperty('episode') == "True":
    episode = True

if episode:
    main_obj.Episode(module, stream_name, stream_id)
else:
    main_obj.Play(module, stream_name, stream_id)
]]>
					</onclick>
				</content>
			</control>
		</control>
		
		
		
		
		
		
		<!-- SECTION1: LIST -->
		
		<control type="group" id="1300">
			<animation type="WindowOpen" reversible="false">
				<effect type="slide" start="0,-100" end="0,0" time="400" tween="cubic" easing="out" />
				<effect type="fade" start="0" end="100" time="400" />
			</animation>
			<animation type="WindowClose" reversible="false">
				<effect type="fade" start="100" end="0" time="400" />
			</animation>
			<animation type="Visible" reversible="false">
				<effect type="slide" start="0,-100" end="0,0" time="400" tween="cubic" easing="out" />
				<effect type="fade" start="0" end="100" time="400" />
			</animation>
			<animation type="Hidden" reversible="false">
				<effect type="fade" start="100" end="0" time="400" />
			</animation>
			<control type="panel" id="52">
				<preloaditems>2</preloaditems>
				<posx>130</posx>
				<posy>150</posy>
				<width>1000</width>
				<height>530</height>
				<onup>54</onup>
				<onleft>54</onleft>
				<ondown>-</ondown>
				<scrolltime>400</scrolltime>
				<pagecontrol>60</pagecontrol>
				<orientation>vertical</orientation>
				<offsetx>10</offsetx>
				<offsety>10</offsety>

				<itemlayout width="1000" height="60">
					<control type="image">
						<posx>20</posx>
						<posy>0</posy>
						<width>50</width>
						<height>50</height>
						<texture>$INFO[ListItem.property(custom:icon)]</texture>
					</control>
                    <control type="label">
						<posx>100</posx>
						<posy>14</posy>
						<width>500</width>
						<height>26</height>
						<font>font22b</font>
						<align>left</align>
						<aligny>center</aligny>
						<label>$INFO[ListItem.Label]</label>
						<textcolor>ffffffff</textcolor>
					</control>
					<control type="label">
						<posx>930</posx>
						<posy>14</posy>
						<width>200</width>
						<height>26</height>
						<font>font22</font>
						<align>right</align>
						<aligny>center</aligny>
						<label>$INFO[ListItem.property(custom:name)]</label>
						<textcolor>ffffffff</textcolor>
					</control>
				</itemlayout>

				<focusedlayout width="1000" height="60">
					<control type="image">
						<posx>0</posx>
						<posy>0</posy>
						<width>950</width>
						<height>50</height>
						<aspectratio>stretch</aspectratio>
						<texture>white_gradient3.png</texture>
					</control>
 					<control type="image">
						 <posx>0</posx>
						 <posy>50</posy>
						 <width>950</width>
						 <height>2</height>
						 <aspectratio>stretch</aspectratio>
						 <texture>f1f1f1.png</texture>
					</control>
					<control type="image">
						<posx>20</posx>
						<posy>0</posy>
						<width>50</width>
						<height>50</height>
						<texture>$INFO[ListItem.property(custom:icon)]</texture>
					</control>
                    <control type="label">
						<posx>100</posx>
						<posy>14</posy>
						<width>500</width>
						<height>26</height>
						<font>font22b</font>
						<align>left</align>
						<aligny>center</aligny>
						<label>$INFO[ListItem.Label]</label>
						<textcolor>ff000000</textcolor>
					</control>
					<control type="label">
						<posx>930</posx>
						<posy>14</posy>
						<width>200</width>
						<height>26</height>
						<font>font22</font>
						<align>right</align>
						<aligny>center</aligny>
						<label>$INFO[ListItem.property(custom:name)]</label>
						<textcolor>ff000000</textcolor>
					</control>

				</focusedlayout>
				<content type="url" url="">
					<onclick lang="python">
<![CDATA[
list = window.GetList(52)
listitems = list.GetItems()
listitem = listitems[list.GetFocusedItem()]
stream_name = listitem.GetLabel()
stream_id = listitem.GetProperty('stream_id')
module = listitem.GetProperty('module')
if main_obj.module_obj[module].episode:
	main_obj.Episode(module, stream_name, stream_id)
else:
	main_obj.Play(module, stream_name, stream_id)
]]>
					</onclick>
				</content>
            </control>
        </control>
		
		
		<!-- SECTION1: GENRE -->
		<control type="group" id="1400">
			<visible>False</visible>
			<animation type="Visible" reversible="false">
				<effect type="slide" start="0,-100" end="0,0" time="400" tween="cubic" easing="out" />
				<effect type="fade" start="0" end="100" time="400" />
			</animation>
			<animation type="Hidden" reversible="false">
				<effect type="fade" start="100" end="0" time="400" />
			</animation>
			<control type="image">
				<posx>1140</posx>
				<posy>648</posy>
				<width>100</width>
				<height>37</height>
				<texture>page.png</texture>
				<aspctratio>stretch</aspctratio>
				<visible>IntegerGreaterThan(Container(53).ListItem.property(custom:totalpage),1)</visible>				
			</control>
			<control type="label">
				<posx>1148</posx>
				<posy>654</posy>
				<width>84</width>
				<height>32</height>
				<align>center</align>
				<label>» $INFO[Container(53).ListItem.property(custom:page)]-$INFO[Container(53).ListItem.property(custom:totalpage)]</label>
				<font>font18b</font>
				<textcolor>darkgrey</textcolor>
				<visible>IntegerGreaterThan(Container(53).ListItem.property(custom:totalpage),1)</visible>
			</control>
			
			<!-- SECTION1: GENRE list -->			
			<control type="group" id="1410">	
				<control type="image">
					<visible>Control.HasFocus(55)</visible>
					<posx>290</posx>
					<posy>160</posy>
					<width>700</width>
					<height>40</height>
					<texture>white_gradient2.png</texture>
					<aspctratio>stretch</aspctratio>
				</control>
				<control type="image">
					<visible>!Control.HasFocus(55)</visible>
					<posx>290</posx>
					<posy>160</posy>
					<width>700</width>
					<height>40</height>
					<texture>grey_gradient2.png</texture>
					<aspctratio>stretch</aspctratio>
				</control>
				<control type="wraplist" id="55">
					<preloaditems>2</preloaditems>
					<posx>290</posx>
					<posy>160</posy>
					<width>700</width>
					<height>40</height>
					<onleft>-</onleft>
					<onright>-</onright>
					<onup>54</onup>
					<ondown lang="python">
<![CDATA[
if window.GetControl(56).IsVisible(): window.GetControl(56).SetFocus()
elif window.GetControl(53).IsVisible(): window.GetControl(53).SetFocus()
]]>
					</ondown>
					<scrolltime>400</scrolltime>
					<orientation>horizontal</orientation>
					<offsetx>10</offsetx>
					<offsety>4</offsety>
					<focusposition>2</focusposition>

					<itemlayout width="135" height="40">
						<control type="label">
							<posx>65</posx>
							<posy>0</posy>
							<width>135</width>
							<height>40</height>
							<font>font18b</font>
							<align>center</align>
							<aligny>center</aligny>
							<label>[UPPERCASE]$INFO[ListItem.Label][/UPPERCASE]</label>
							<textcolor>medgrey</textcolor>
						</control>
					</itemlayout>
					<focusedlayout width="135" height="40">
						<control type="label">
							<posx>65</posx>
							<posy>0</posy>
							<width>135</width>
							<height>40</height>
							<font>font24b</font>
							<align>center</align>
							<aligny>center</aligny>
							<label>[UPPERCASE]$INFO[ListItem.Label][/UPPERCASE]</label>
							<textcolor>darkgrey</textcolor>
						</control>
					</focusedlayout>
					<content type="url" url="">
						<onclick lang="python">
<![CDATA[
list = window.GetList(55)
listitems = list.GetItems()
listitem = listitems[list.GetFocusedItem()]
genre = listitem.GetLabel()
module = listitem.GetProperty('module')
main_obj.Genre(module, genre)
]]>
						</onclick>
					</content>
				</control>
			</control>
			
			<!-- SECTION1: FILTER list -->
			<control type="group" id="1420">
				<visible>!IsEmpty(Container(56).ListItem.Label)</visible>
				<control type="image">
					<visible>Control.HasFocus(56)</visible>
					<posx>390</posx>
					<posy>220</posy>
					<width>500</width>
					<height>40</height>
					<texture>white_gradient2.png</texture>
					<aspctratio>stretch</aspctratio>
				</control>
				<control type="image">
					<visible>!Control.HasFocus(56)</visible>
					<posx>390</posx>
					<posy>220</posy>
					<width>500</width>
					<height>40</height>
					<texture>grey_gradient2.png</texture>
					<aspctratio>stretch</aspctratio>
				</control>
				<control type="wraplist" id="56">
					<preloaditems>2</preloaditems>
					<posx>420</posx>
					<posy>220</posy>
					<width>500</width>
					<height>40</height>
					<onleft>-</onleft>
					<onright>-</onright>
					<onup>55</onup>
					<ondown>53</ondown>
					<scrolltime>400</scrolltime>
					<orientation>horizontal</orientation>
					<offsetx>10</offsetx>
					<offsety>4</offsety>
					<focusposition>1</focusposition>

					<itemlayout width="135" height="40">
						<control type="label">
							<posx>65</posx>
							<posy>0</posy>
							<width>135</width>
							<height>40</height>
							<font>font18b</font>
							<align>center</align>
							<aligny>center</aligny>
							<label>[UPPERCASE]$INFO[ListItem.Label][/UPPERCASE]</label>
							<textcolor>medgrey</textcolor>
						</control>
					</itemlayout>
					<focusedlayout width="135" height="40">
						<control type="label">
							<posx>65</posx>
							<posy>0</posy>
							<width>135</width>
							<height>40</height>
							<font>font24b</font>
							<align>center</align>
							<aligny>center</aligny>
							<label>[UPPERCASE]$INFO[ListItem.Label][/UPPERCASE]</label>
							<textcolor>darkgrey</textcolor>
						</control>
					</focusedlayout>
					<content type="url" url="">
						<onclick lang="python">
<![CDATA[
list = window.GetList(55)
listitems = list.GetItems()
listitem = listitems[list.GetFocusedItem()]
genre = listitem.GetLabel()
module = listitem.GetProperty('module')

list = window.GetList(56)
listitems = list.GetItems()
listitem = listitems[list.GetFocusedItem()]
filter = listitem.GetLabel()
if filter == 'None':
	filter = ''
main_obj.Genre(module, genre, filter)
]]>
						</onclick>
					</content>
				</control>
			</control>
			
			<control type="panel" id="53">
				<preloaditems>2</preloaditems>
				<posx>130</posx>
				<posy>275</posy>
				<width>1000</width>
				<height>420</height>
				<onleft>54</onleft>
				<onright>-</onright>
				<onup lang="python">
<![CDATA[
list = window.GetList(53)
listitems = list.GetItems()
listitem = listitems[list.GetFocusedItem()]
genre = listitem.GetProperty('genre')
module = listitem.GetProperty('module')
page = listitem.GetProperty('page')
totalpage = listitem.GetProperty('totalpage')

if int(page) != 1:
	newpage = int(page) - 1
	main_obj.Genre(module, genre, filter, newpage, totalpage)
else:
	if window.GetControl(56).IsVisible(): window.GetControl(56).SetFocus()
	elif window.GetControl(55).IsVisible(): window.GetControl(55).SetFocus()
]]>
                </onup>
				<ondown lang="python">
<![CDATA[
list = window.GetList(53)
listitems = list.GetItems()
listitem = listitems[list.GetFocusedItem()]
genre = listitem.GetProperty('genre')
module = listitem.GetProperty('module')
page = listitem.GetProperty('page')
totalpage = listitem.GetProperty('totalpage')

if int(page) < int(totalpage):
	newpage = int(page) + 1
	main_obj.Genre(module, genre, filter, newpage, totalpage)
]]>
                                </ondown>
				<scrolltime>400</scrolltime>
				<orientation>vertical</orientation>
				<offsetx>10</offsetx>
				<offsety>10</offsety>
				<pagecontrol>60</pagecontrol>

				<itemlayout width="1000" height="60">
					<control type="image">
						<posx>20</posx>
						<posy>0</posy>
						<width>50</width>
						<height>50</height>
						<texture>$INFO[ListItem.property(custom:icon)]</texture>
					</control>
                    <control type="label">
						<posx>100</posx>
						<posy>14</posy>
						<width>625</width>
						<height>26</height>
						<font>font22b</font>
						<align>left</align>
						<aligny>center</aligny>
						<label>$INFO[ListItem.Label]</label>
						<textcolor>ffffffff</textcolor>
					</control>
                    <control type="label">
						<posx>100</posx>
						<posy>14</posy>
						<width>525</width>
						<height>26</height>
						<font>font22b</font>
						<align>left</align>
						<aligny>center</aligny>
						<label>$INFO[ListItem.Label]</label>
						<textcolor>ffffffff</textcolor>
					</control>
					<control type="label">
						<posx>950</posx>
						<posy>14</posy>
						<width>150</width>
						<height>26</height>
						<font>font22</font>
						<align>right</align>
						<aligny>center</aligny>
						<label>$INFO[ListItem.property(custom:date)]</label>
						<textcolor>ffffffff</textcolor>
					</control>
				</itemlayout>

				<focusedlayout width="1000" height="60">
					<control type="image">
						<posx>0</posx>
						<posy>0</posy>
						<width>950</width>
						<height>50</height>
						<aspectratio>stretch</aspectratio>
						<texture>white_gradient3.png</texture>
					</control>
 					<control type="image">
						 <posx>0</posx>
						 <posy>50</posy>
						 <width>950</width>
						 <height>2</height>
						 <aspectratio>stretch</aspectratio>
						 <texture>f1f1f1.png</texture>
					</control>
					<control type="image">
						<posx>20</posx>
						<posy>0</posy>
						<width>50</width>
						<height>50</height>
						<texture>$INFO[ListItem.property(custom:icon)]</texture>
					</control>
                    <control type="label">
						<posx>100</posx>
						<posy>14</posy>
						<width>525</width>
						<height>26</height>
						<font>font22b</font>
						<align>left</align>
						<aligny>center</aligny>
						<label>$INFO[ListItem.Label]</label>
						<textcolor>ff000000</textcolor>
					</control>
					<control type="label">
						<posx>750</posx>
						<posy>14</posy>
						<width>150</width>
						<height>26</height>
						<font>font22</font>
						<align>right</align>
						<aligny>center</aligny>
						<label>$INFO[ListItem.property(custom:filter)]</label>
						<textcolor>ff000000</textcolor>
					</control>
					<control type="label">
						<posx>950</posx>
						<posy>14</posy>
						<width>150</width>
						<height>26</height>
						<font>font22</font>
						<align>right</align>
						<aligny>center</aligny>
						<label>$INFO[ListItem.property(custom:date)]</label>
						<textcolor>ff000000</textcolor>
					</control>
				</focusedlayout>
				<content type="url" url="">
					<onclick lang="python">
<![CDATA[
list = window.GetList(53)
listitems = list.GetItems()
listitem = listitems[list.GetFocusedItem()]
stream_name = listitem.GetLabel()
stream_id = listitem.GetProperty('stream_id')
module = listitem.GetProperty('module')

episode = False
if listitem.GetProperty('episode') == "True":
    main_obj.Episode(module, stream_name, stream_id)
else:
    main_obj.Play(module, stream_name, stream_id)
]]>
					</onclick>
				</content>
            </control>

        </control>
		<control type="scrollbar" id="60">
				<visible>Control.IsVisible(51) + Control.IsVisible(52) + Control.IsVisible(53)</visible>
				<description>Scrollbar</description>
                <posx>1100</posx>
                <posy>230</posy>
				<width>30</width>
				<height>470</height>
				<orientation>vertical</orientation>
				<textureslidernib>orb_nofo.png</textureslidernib>
				<textureslidernibfocus>orb_fo.png</textureslidernibfocus>
				<pulseonselect>true</pulseonselect>
				<orientation>vertical</orientation>
				<showonepage>false</showonepage>
				<onright>-</onright>
		</control> 
		<!-- Debug ->
		<control type="image">
            <posx>0</posx>
            <posy>0</posy>
            <width>1280</width>
            <height>720</height>
            <texture>debug/debuggrid.png</texture>
        </control>
		<!-- Debug -->
	</controls>
</window>



